r1,r2,r3,r4,t,d1,d2,h,p,freq_ghz,rotation,source
47.50778752570814,46.072036196959985,33.977258781087826,5.065429315861241,2.625870062377422,3.58613443312037,0.6362673858742272,6.823927076635902,144.20370279989882,,0,lhs_pool
44.53579843085147,23.508853331310963,21.53592139927875,7.101443739268741,0.6521330078027916,6.366267813069774,3.8467466776572325,8.286080508954468,284.8458016054749,,0,lhs_pool
46.6088120834911,44.71249395312495,13.274394786447004,1.8691368488652753,1.3116876917480564,3.5746833337957256,0.5620644333451161,9.614791929130691,278.31269582697036,,0,lhs_pool
38.24253418677037,30.00161133369502,22.801063558278766,11.366695503039892,1.8779257217066352,5.237273770196424,2.7730205431431854,2.5144612952702206,217.33471364281763,,0,lhs_pool
44.8462536032938,40.89015788763941,23.774512434246397,15.769304060160694,0.6903991068415006,1.02727388578688,2.609784520031858,8.907477368814888,151.87187401649533,,0,lhs_pool
44.523835486337745,37.16192960803278,17.776570428626236,6.8446077211712915,1.2031526534074704,4.630936664867769,0.86397671763381,3.3881624409494244,248.48808790248458,,0,lhs_pool
44.3968475111779,29.580701782723093,24.531354095309418,1.6318729766968665,1.1285022447159838,4.854085106648259,2.415523394661513,4.9098191864475265,173.3379194630084,,0,lhs_pool
40.760680812302574,12.39140691070091,8.750815090288697,2.5463842126706924,2.020873321709357,3.1340824354407215,4.5979255041246745,0.42675383422377344,204.9918217124706,,0,lhs_pool
40.30274450743962,25.305768672583376,21.909977209978685,20.652613720444165,1.907323005139289,7.150819078950296,0.8613667113893557,3.2395997535817687,382.3376892956138,,0,lhs_pool
37.9247610335143,22.12734863963917,15.017574922185263,6.753476290143742,1.8079104839889302,3.8478587811373974,3.8393312424583286,5.743259842882952,191.0791844104423,,0,lhs_pool
49.97400256480812,40.2587650839636,30.54125993173487,11.915652499615632,2.039010031968573,5.3645606595898405,3.2350136309181856,0.8226187134570664,367.9620543519619,,0,lhs_pool
35.28479165490902,17.50385691655415,13.78492125501132,10.792950103756144,1.4829748133917149,7.132843854092228,2.631719272886531,2.4370490230861694,250.18296236871515,,0,lhs_pool
42.00535319822682,34.20428161535223,9.659448056753156,7.1241788757989655,1.4487262073152283,7.185629420909069,3.2681183375280853,2.7764595438215824,269.90602250309496,,0,lhs_pool
43.51286405364958,40.83041957194341,38.23151413486148,9.735269190484477,1.0223203516731805,4.528650892149014,2.7518608761430055,3.8274635364920897,164.78363687929019,,0,lhs_pool
44.21467256331046,43.9970505062514,30.61158243094765,23.073549835082364,0.9172955289028624,2.0579209379298504,2.243282636179959,9.813734076969368,382.68101913882657,,0,lhs_pool
45.789823550508345,29.65382933503216,24.084051639657577,17.167354481760004,0.9419187323350134,7.3609983078303305,0.9443032562944713,0.5290638052769233,245.97626782419462,,0,lhs_pool
32.47658807295416,28.953684478079904,17.310327953005242,9.981703693815016,1.631349167677158,5.602469798497319,3.852387259948182,8.183287981615946,156.8629030509313,,0,lhs_pool
49.985440884541774,44.076468026467396,26.339449101637726,23.925579411228252,1.6923427412271097,4.575906036203529,1.83274814767292,1.2417224113082845,198.8780809668722,,0,lhs_pool
33.37563717681587,14.79831061056709,8.6238611198932,6.99505047286978,0.710253111455399,3.148103098001621,4.900688759592239,6.316128320494085,338.2869748707055,,0,lhs_pool
49.851464934819745,19.27930377433631,9.747686583876154,8.47458079097405,2.070302612101584,6.538150206932533,1.5247372480972474,1.9130731525957145,25.229131344462477,,0,lhs_pool
43.21575683440769,38.04907550839159,26.466064239964627,5.228549334505512,0.7699174009863508,3.796245997006165,0.8055223764376083,6.955527442511407,101.57038813811752,,0,lhs_pool
39.646130892081416,23.318414192839878,15.719305815104684,15.359405921859025,2.6963305725701963,2.1985269249043125,4.090515848882085,4.352071143374227,318.1720981845932,,0,lhs_pool
46.366392378283905,40.278640535971995,38.586956451317484,3.622079080961479,2.6405190591214938,1.7707698027104457,2.7132775573405734,9.684033958387774,120.38444658765769,,0,lhs_pool
41.27289329554832,38.48204684245273,27.50456301675489,19.954184852797756,1.9337051263924907,2.5492452471826654,1.5440145282572295,5.3902064623701404,214.5239605534604,,0,lhs_pool
49.57372189283395,47.00167718390779,37.35874069554719,9.836149398866993,2.0822714890369616,5.070047247053925,3.5585303182586987,3.6766357330265755,41.315482810385,,0,lhs_pool
46.079933502512624,39.974553890462886,37.76431501795636,4.684310815489955,0.9964088599795161,0.5566628787234787,3.9507927171290826,3.1479916918299526,210.89665106414068,,0,lhs_pool
38.419751556174774,29.678081574727322,8.91564775681431,2.9655045634793855,2.213794351392326,1.7477577589799518,3.205782596637725,8.227837422033788,358.55764608476403,,0,lhs_pool
43.29032004334156,27.176583877865284,18.543516096375768,13.31945375644037,1.8532559566828013,1.464698465747638,0.5059140277810857,3.8990558178976213,77.38209633034808,,0,lhs_pool
48.89479751082272,40.34243130024793,28.75218827321971,11.698129822220412,2.2098343223988106,0.9131477952665348,1.3851944595123284,9.861127913977153,376.5914485104533,,0,lhs_pool
49.62626745375222,41.540281979867856,39.35000102384397,8.342100899482356,0.5879065620545247,6.302440294541686,0.5920833412563379,6.25276580578793,104.60260200872291,,0,lhs_pool
34.643768129928006,27.526366173433647,25.867332543748933,20.5409712021684,0.6005891780773647,2.608992511386772,1.62334059094108,2.6646407483225687,393.52937819973414,,0,lhs_pool
39.29840061760181,36.02482275603239,13.681131115469658,8.521655961491547,2.175300446184617,5.092884953280021,1.647711968330943,1.8174989517534332,228.90853746360514,,0,lhs_pool
45.618691621499444,23.25881261021124,12.084366754971619,7.792194752656974,2.313374660109822,6.921960376587591,1.3901907508392501,5.173877920536627,88.15785331338131,,0,lhs_pool
47.90518705183674,39.25554950623191,33.162336989786475,9.00536459904399,2.2436968102279415,3.2891615362967146,0.6587264875961015,2.392930348404727,200.7658432707159,,0,lhs_pool
24.015659874498073,23.241679588493785,10.10674313961908,2.8249100297237217,2.0454766742350796,0.5265249856696952,0.9764197384794174,8.981535367047071,265.67752478862855,,0,lhs_pool
41.643633380581214,40.854173343783984,16.109510003582436,1.5995173161396639,2.083008105509447,5.296168132281329,3.680340949902096,5.103275843703006,122.70916525459103,,0,lhs_pool
42.50524353353385,24.66277794755573,7.700065521360042,4.448988341357602,0.5542482840464859,6.542135584747669,4.601109182925538,8.616062222075684,184.35716134489752,,0,lhs_pool
49.8773185715407,44.9674615983222,31.04000782663969,12.856612367592628,1.102527442817765,1.7207192118632162,3.54395542704767,0.06974139254166804,246.97986210208447,,0,lhs_pool
43.83430093399843,38.33337957038198,26.694796606534176,20.386009589508955,0.7172733481765426,5.976219452178478,3.723657180286574,6.618223910829394,207.69657673024278,,0,lhs_pool
44.68923096325411,35.26705588711223,12.142714375949307,3.9721716795261757,2.9714289245101044,1.6396329376991943,2.693129171355408,7.002929112392037,39.80155086738721,,0,lhs_pool
44.43763394052956,35.0450723904028,16.58550464282374,2.6700623858713692,1.5385148697148483,6.0224786614028005,1.9496665001872846,5.323978202273941,151.43037699387764,,0,lhs_pool
42.15298728178078,40.410051317368556,38.88703279750475,14.692871737965831,2.7430757028016695,3.929444842260269,4.20671396798486,4.124754629761378,271.5645489851902,,0,lhs_pool
22.666646060700103,20.007566458544968,7.721708642588585,7.71806821653051,0.9573614740378766,6.235217525927649,3.7063420338574153,4.112989309625482,147.4588621262884,,0,lhs_pool
35.05055527924028,32.46537213440956,19.87021007138032,18.828515397276554,1.0814541990669917,1.0394531288722413,3.199489928033192,8.842256929703389,330.50618888760243,,0,lhs_pool
41.254996251071965,27.771620586837336,24.63905069409692,4.166240837039108,2.790944216084051,4.092458049675924,3.760280091685569,8.748887588739358,320.83483968740563,,0,lhs_pool
48.2122809722367,15.985810770897341,8.786929360581063,4.724884571782956,2.418588903244162,7.637416636220043,4.889876118966809,4.697866021891678,87.19168004268302,,0,lhs_pool
45.074114630417476,32.87683250973218,7.069933099471478,6.6575147893888085,2.131113140842874,6.349642424550565,4.461458669620587,0.33649364596445325,225.12066088748648,,0,lhs_pool
48.78501329917878,41.1641888272269,21.943123770193967,10.969772845644949,1.4637181230450498,4.536501429126826,0.7113389798748606,5.420333058215775,261.7075555985355,,0,lhs_pool
33.81168629415892,28.911085258358995,21.006661199974076,14.292012746271471,0.9870672319307987,4.0790556956688455,3.648658026947246,9.883426500431813,111.58326674073068,,0,lhs_pool
36.52797769332346,35.65078178219782,29.754299646402277,17.988870413998914,1.008050947214124,4.27624627825981,2.7949210457766736,2.6300456707794693,283.62832549922274,,0,lhs_pool
31.01059965461572,29.898131807859272,18.2280764328055,16.21707583296964,2.320203498063328,5.572599597186586,0.8267856165982306,6.1092977492080545,53.08189666872346,,0,lhs_pool
43.4424710150744,35.07890896620084,13.667340183360952,5.450113769248791,1.0334291551348223,3.5309551956044203,1.7688341478444987,6.361171304462424,230.69238737467685,,0,lhs_pool
43.33285275753188,35.128175403096904,11.15556719446129,7.898849628620095,1.7151506664305127,2.9147851596997914,4.07252148190979,8.150458271622291,301.11888707984224,,0,lhs_pool
28.265563339195467,13.960389615820525,4.281592379958651,2.101649408693538,1.8844484806192359,7.676708023549891,4.268324839135506,9.340717519995492,191.94335945913704,,0,lhs_pool
34.113011219703104,11.958528811622667,10.842919333978239,6.131967150212324,0.9806093088593236,7.40248630017925,0.500760388389579,8.14684676737025,85.39296545424371,,0,lhs_pool
49.654248280274075,38.06939886649358,30.331828505622642,17.301166291997863,0.8164946351676542,7.7846092386621075,0.9371609507487128,5.6545927875937965,361.1014768865693,,0,lhs_pool
45.56040042321719,34.99514598164809,32.5686462312419,22.44703228171877,1.5983189177460932,3.1134111542123697,1.1288795729927479,1.5192091606817395,313.3490140057077,,0,lhs_pool
41.528896606450324,24.577660058536736,6.901884213421173,5.419318031169125,0.6380234412214333,4.5716216537142085,2.141662823574089,6.954640825651332,270.6061939150336,,0,lhs_pool
40.65235419318539,14.181437796744733,8.873310026166656,2.706957296221634,2.2176749918774217,2.696013650622641,1.580812799999521,9.51375560135926,243.9801381760517,,0,lhs_pool
35.815906522948694,24.404197297229715,9.299998377701657,4.061946331225128,2.2203664510326924,5.821266238247655,1.2935861147967935,0.8410547336019643,167.05944386495824,,0,lhs_pool
39.955484386781535,37.510058939369635,17.748328030495145,10.374105998052675,2.691252180060981,3.68945557827147,3.9114344232999048,0.2756876081650826,238.76789108629072,,0,lhs_pool
42.94422741318595,37.0481892575488,31.131045189277245,12.786523179828437,0.7780133903704192,1.0567510977320511,4.582201861100522,2.127641071399185,386.52494172367227,,0,lhs_pool
36.32921290830682,31.65026666749068,20.913113493913347,7.572455910929401,1.2888796436240297,6.323651714912941,1.3920755058791472,1.9383994761705672,286.52520977137084,,0,lhs_pool
37.35836529834906,21.930085200331952,17.11351659935159,5.903061189439305,1.5395530022372212,7.596954055970713,4.368888703077904,9.850719024684258,246.21865869874574,,0,lhs_pool
46.444575839471646,45.37198952126717,20.896565633992484,7.475340351851656,1.188586693429968,7.17350947218616,2.249573774685958,5.239061420387751,218.16249488422028,,0,lhs_pool
44.32385885423506,41.356114324658975,24.313509670089278,15.750222859254162,2.0508624969601077,0.588261107816493,4.3928500695200166,9.755986770293033,256.6948779541233,,0,lhs_pool
35.37625740990133,28.85897565466197,28.645438672041447,1.538338466976073,1.4987538632192374,6.622445485018546,4.6776076047686965,1.772734589395951,132.57254153974728,,0,lhs_pool
44.299742760635766,31.927011877441952,22.230627693914442,9.053503716923746,1.6169415045691369,4.686713499894086,1.5613985013924705,0.43193777242330067,42.980038140202446,,0,lhs_pool
27.187040720398095,14.675589224169412,6.8723867052965835,4.953917964430714,1.3510859937991053,4.577606225135714,4.927528776117816,2.7638718100718487,34.082951435446624,,0,lhs_pool
41.12680756184955,24.075384176072596,16.783903693993793,11.810097523067089,2.6869810992367347,1.9400396003498757,3.0288532647427258,6.275339432758144,272.540169293429,,0,lhs_pool
43.857141883181605,32.946799782221,18.715738773125025,4.219648280740309,0.9793095190133599,4.7985704296314875,4.567382041679111,9.271675481604792,141.9558975776493,,0,lhs_pool
36.303544145589505,35.2882771056747,8.270181468819175,6.292980737222616,1.362563034036683,0.7270135744746778,3.3358319701363106,8.209883697799391,248.3065366740693,,0,lhs_pool
27.11253022621589,15.582859770471295,15.360057426322248,10.479439351149512,0.5318764638444665,1.0164181527382177,1.4355952554544194,9.075608085614066,306.12967677884075,,0,lhs_pool
38.794298994256394,27.5923328700793,22.191406879132938,20.968918094456658,1.5921036980463632,6.327976979255017,2.4449401240964495,9.79294012637994,388.36544471623563,,0,lhs_pool
22.18309623860286,21.546503695421773,19.547245484497328,13.372757561707665,0.6074476730932414,0.9333519433753291,0.5872689091517175,3.470416524609573,63.69466058196545,,0,lhs_pool
24.989235561622923,22.557984932351673,21.38341726797739,16.528353399638377,1.2650755937000255,7.24202880009936,3.9708160082899955,5.131755765330031,397.26703533129154,,0,lhs_pool
48.49140887189888,35.21377348706652,30.231920768003288,8.602825528955272,0.9605896070055396,1.2287829058197275,0.7308839469937977,9.934983961546575,329.41989566027286,,0,lhs_pool
39.44627845052567,37.28894425052201,25.495580901227406,3.103516917301735,0.8563813526470181,5.492853164090792,3.468631062320276,1.7365919457583128,384.65264063930164,,0,lhs_pool
45.349814140231764,30.380632192595716,8.309976914592546,4.256044139007539,2.852069368935403,0.7971750889415138,2.339278532851786,9.153713476727726,47.93474058089103,,0,lhs_pool
39.858723286178844,24.79552777456992,18.08367569493587,15.679855573591373,0.8651084799268642,1.0521756574286716,1.569520048271936,1.686745280382891,261.91303281768177,,0,lhs_pool
43.08917554748588,40.53422504651803,20.86388129925258,14.231249198683715,0.8577681949720823,6.091227161451219,4.608651937884494,3.7817700526989846,172.55282087304934,,0,lhs_pool
43.60566328495721,36.182797180773754,25.799951428784066,18.755536882499825,0.5596880535224668,1.7396396623136692,3.0724845758351114,0.19859149734250683,378.9228660905699,,0,lhs_pool
37.158076285995556,15.851446753461852,14.292276447467728,4.973659664873642,1.4887486850342997,5.787643190969749,3.8580133345788363,9.40700783699167,362.46862160629024,,0,lhs_pool
36.506211636210054,32.84007229594906,20.760082765687354,2.0170664043383724,2.1406687502181203,0.9505022798180607,2.229701970749437,9.336312169193885,93.96203405449411,,0,lhs_pool
46.46001049811113,37.49162598569473,8.29933484663721,4.706617376522227,2.857657510513408,3.228077700319799,0.5979349377203057,1.9540078033168387,226.19797823002486,,0,lhs_pool
27.583554263418637,20.39834099843314,19.043214496965355,14.220719715488437,1.7274414938227307,3.715492079296029,2.718510329611525,9.480155040668116,249.91001658340508,,0,lhs_pool
42.81389025116418,39.41425421415163,33.840387070912115,9.23841386658173,2.6977966614268154,0.6485498548868294,2.4684534228415576,7.025684242349196,323.5839170335363,,0,lhs_pool
44.027346188714766,30.091050898371904,8.142926999739498,8.092554887461173,0.5078883289242652,2.8828930739485026,2.569232520411298,8.497147309926575,25.503576420508672,,0,lhs_pool
45.383116133648485,27.639308670917107,19.88968331474549,7.381866768178179,2.1502647261975003,5.726942321022561,0.8724651153418929,9.465051153833087,76.32532191732845,,0,lhs_pool
33.36232445842816,30.566457514092246,16.913703237227857,4.607993256700512,2.6414768763701537,5.040403803526581,2.904457813712073,6.679624553096834,305.39127118883056,,0,lhs_pool
47.72691911763024,42.78522143006801,18.48954775282082,13.118280559340716,1.5454294785954241,3.3284377918943724,2.144616504877119,2.501151230227679,383.0315841776257,,0,lhs_pool
45.92810003203176,43.276516009675554,17.57274047433839,3.871097421628586,1.2646298901016817,2.4617160284312507,2.263344372110309,8.177685894327213,266.9275581272058,,0,lhs_pool
32.296692236659666,29.07645608574867,14.244157878342243,11.534471666080178,1.129344207304506,5.651769943636768,2.0126204542046144,0.7951889307219119,148.22345765768918,,0,lhs_pool
47.293845140445654,22.443319503927643,14.733685486751206,8.802953542383875,1.0803452502930018,7.578085859115985,2.953146038625574,7.368875158761021,273.6869702338593,,0,lhs_pool
38.30883782600777,29.96018105704644,28.556483907889547,13.871398425671442,1.3061932115565265,0.6132863205884599,2.4340468362678456,6.578765935546854,206.30381326589844,,0,lhs_pool
48.810515132636944,28.50313548091836,10.027991073586026,7.8566312469279325,1.6028559937445974,2.4265376872027304,2.0446036281384403,2.134441919766639,199.211926111276,,0,lhs_pool
32.39751999134677,29.34656230634829,10.249487962225908,7.459017373230669,2.634681154048322,6.10731639036584,3.2206860036932565,4.452615017413683,321.3567354887477,,0,lhs_pool
41.47168858903761,41.235938556670625,10.498780158621873,1.6775693947272567,1.5117577672163336,4.846908183982852,1.9304989452073416,2.558235952818861,375.9325156774883,,0,lhs_pool
49.035088174968145,33.90299783428105,22.341263620477495,19.959836875420812,2.7757195433882065,0.5982947265215446,2.8576221434604467,7.248571037614448,391.9727209693146,,0,lhs_pool
36.0015255628695,31.585274192392767,20.095363758560175,15.118087290159805,2.6429976778259547,7.261446973265975,3.673939880463138,5.337364509554137,361.85253905096846,,0,lhs_pool
44.04390552108421,28.312412123963604,23.5794852335803,9.31413690165591,1.5598510091445117,2.222630153837773,1.4568869152716444,1.102613897945228,117.56164653109506,,0,lhs_pool
48.3273658717544,34.07919633724874,26.537026470991197,16.004189528088524,1.5318018985332427,1.2922448619166265,3.4407516652211627,6.9071072387534205,293.77206514351934,,0,lhs_pool
33.590433269360084,20.488189775173556,11.2262134347832,1.7058983724992984,2.5859196046845865,7.380762188409002,2.119917078188112,6.919211767175439,30.864363643709062,,0,lhs_pool
47.08808623502007,45.940730061341945,30.769317344688677,4.572172805838152,2.7403360451130707,7.231973745866016,4.158244606727056,9.71673437666223,250.05705996666936,,0,lhs_pool
41.81079979150716,38.6533379379439,14.939501909225747,9.177642222070691,1.3467460166336593,1.5629555800900259,3.753366433519417,7.846508518027059,326.02844897677426,,0,lhs_pool
44.950927070292245,32.67020348527301,28.950065064602345,24.439703225495762,2.4903422393457197,3.7293329150398944,1.1090302574209092,2.401290553665809,228.24180851038184,,0,lhs_pool
35.56435685944004,32.57100902826413,28.736640339683177,9.42994122499443,1.5155279438167812,6.728149832273228,1.7250614585894286,0.4022372705652484,106.9441827603814,,0,lhs_pool
42.92514135654802,32.41664343098194,9.60004287861032,3.217575872666184,1.5057541575656708,7.325980702753976,2.4812592008165657,6.459540664065566,51.861339310941716,,0,lhs_pool
45.427989139477695,34.49477992557841,31.70827121533808,18.27069651920641,2.0290458445480684,0.8476450396667923,1.7183639418413659,2.488885053588408,14.063592998166355,,0,lhs_pool
49.509951591637666,37.92621033625608,11.401980668903661,3.4274893544454823,0.9501211303066766,7.079584932431411,3.295853716531002,8.380519081660141,36.839539179723914,,0,lhs_pool
47.91892800908629,9.30016297986063,5.963013455502001,4.3649985394230635,1.9007367235515193,0.9430990041985104,0.7172199883845196,7.110344238322667,372.69534645361927,,0,lhs_pool
46.96376297158058,35.43431002159885,34.98363833768131,15.305390935879892,2.5170109132405196,2.971053866561819,2.123612021323371,5.659308047856752,385.725624968681,,0,lhs_pool
24.646381036029343,18.213327635742438,16.992180521069987,14.860166636591352,1.7825823607261964,1.886770218496986,3.5538547722156535,7.7482534759028105,23.792984045247437,,0,lhs_pool
42.55998475946441,26.91584376664693,13.28654878045948,4.133237212731105,2.2821047981489975,1.838633408399773,0.6028063141848236,1.4989763902872948,365.06609686910457,,0,lhs_pool
40.612680778405156,36.742613889043035,18.695991622924986,5.708834046877935,2.9856554348665605,4.493030855110003,0.5458103523497236,5.39959859836502,210.43566698975746,,0,lhs_pool
49.486829192618856,29.537608533992834,13.091279014938934,7.647645624068557,0.5941566635234303,4.665816795523716,0.8759850323004221,0.6241965880361102,140.27081265701077,,0,lhs_pool
44.18728967708517,12.853867613353584,7.554884292899692,5.8447505946729015,1.3712948875316753,2.5077785087281557,1.213232230482531,4.2148742336218605,291.1704390127361,,0,lhs_pool
48.185481165625376,38.347212404580596,14.788495703982298,13.397809597629053,2.059001735942322,2.843984253331953,3.7958626150075188,1.97617931800229,288.49874939048453,,0,lhs_pool
29.81391071148734,25.605884792265677,24.0057017547138,9.583928414235412,1.1262271443236622,5.765833877731183,2.4773856432048986,9.38200630782186,362.2534646895751,,0,lhs_pool
37.84371427415866,25.17347509621495,24.677555213199206,1.7943807937284266,1.4689247873045637,2.932669839531884,3.8603101673953617,7.742496835714229,178.12295537166793,,0,lhs_pool
30.090322010123526,24.29929634472734,10.469489105791535,9.327061612418102,2.2284412252023547,7.199691865765881,4.848422173632417,9.580509690887208,253.8434080880807,,0,lhs_pool
47.059378049000834,18.17253114409784,5.578383783756177,1.7474115896446822,1.2039968655884299,6.95599922514622,1.4451106733526702,8.912377125833643,7.169507112733966,,0,lhs_pool
38.842235483381096,25.28366524308379,15.221831040541947,7.809228217707373,2.2173613335844395,5.329477586271344,2.967429118346576,6.756963335221277,222.62978956723006,,0,lhs_pool
48.383685088043286,39.11357890048575,13.755223945187367,8.185809657914822,2.5687083980376504,6.1518693512144615,2.5410717259935747,3.1554164980461903,170.85584427793046,,0,lhs_pool
39.16015595184677,25.716452844740235,19.407942696964113,13.465057999036354,1.0312891522486045,1.0790988100629706,4.7070110382980355,4.390006230971129,116.58923921872854,,0,lhs_pool
37.13314546933545,29.30965692135293,23.028069416788668,14.381092303151569,2.4680903397798426,3.1288405586228185,3.386625974118675,4.874828571329733,175.4148464074233,,0,lhs_pool
23.970782170449933,19.260825802429046,17.938231111468124,6.190913168606878,1.7598287681062361,2.372283534202941,3.3527806557138624,6.450433746956865,154.50617527368019,,0,lhs_pool
29.08101874071484,24.329106031814916,18.193251242506566,14.086779596169995,1.5266241092746644,5.344157234598295,3.8651879976301493,7.050253665186151,363.45141909478497,,0,lhs_pool
35.53299736649557,20.5598446901431,13.39132002752222,9.394506500617423,2.1090560447443787,2.356534464461798,2.3274730612915997,2.0869369208528292,191.6841666497935,,0,lhs_pool
48.035504886648795,26.937605706974043,23.338352329195015,11.827598099658639,2.780041331199365,3.3155956962102135,0.5089399880007959,8.854973385089798,336.04148867937516,,0,lhs_pool
33.51121673159426,24.605423967733834,11.040498264489774,3.61457535104153,2.4921823942769694,2.8111317820264277,4.447939119698453,9.50920850541355,146.25395222098172,,0,lhs_pool
49.48223144415405,30.268306871524583,22.26592989461337,15.158110823962929,1.7175512972879354,5.2593798902963025,3.8079179534053216,1.428302488150492,48.101362184700534,,0,lhs_pool
41.22708694538042,30.261151857187613,18.34019703409112,14.000011932125906,2.897818037004999,1.2891611489697972,1.4401062118053627,1.126409563752812,383.9379625334222,,0,lhs_pool
36.41243636605987,33.51302157131902,16.835672952425952,13.023163706616112,2.6990573095774573,2.3980775303449953,4.141967776817574,9.664693831590917,110.32252039036702,,0,lhs_pool
49.334998707047035,36.8898324765071,29.56250837081129,9.302807482968806,2.856744783192253,3.320264199280354,3.7415522299543174,6.801417188108586,102.14236699318045,,0,lhs_pool
48.34629400622785,45.00827726779336,4.512649309011795,3.1682702551929527,1.9461107842381027,3.634083118026272,3.6821166799451084,3.5511208898400763,45.86646769815119,,0,lhs_pool
43.3567614560293,32.21452167832041,10.066723285215222,7.707738838922784,2.8867321280557388,6.001168262977319,1.1551617238243264,8.99618286732419,94.2746634746319,,0,lhs_pool
48.83097070562675,40.36764272110642,37.64174141450271,9.276616775681191,1.7852838355451452,6.997838226592275,4.037353652052502,0.4620642782942246,274.75057549172686,,0,lhs_pool
42.453714481379826,33.53012920013474,26.321499518789516,6.21244226152586,0.7790129269327956,3.642396323655921,3.432158265015424,3.9761357128878068,150.94821774805214,,0,lhs_pool
28.831593127763092,10.968248410266579,10.91808091046033,3.255881646051532,1.6672092093142998,2.8981399821142837,4.951995392138383,7.101102640076865,363.9599426387242,,0,lhs_pool
42.12928691071568,28.399558593846674,26.7593581750973,12.93749746392202,1.2504287268383392,6.313804167325183,2.2686536634438506,7.30517847064403,13.855084383260264,,0,lhs_pool
48.377214547165735,36.80672695103997,33.143576907793744,22.563321640263077,0.8426015150299164,6.632526227350956,3.836909212549602,3.5626279376983017,205.88453105301127,,0,lhs_pool
37.11297385789647,19.401693904275994,6.0345477449866936,5.143114828774214,0.9480561780028471,3.1419054497200594,1.877027808855272,2.1739091039770986,176.08768147792475,,0,lhs_pool
31.483328398300717,28.07483771391987,17.457078375818732,8.019698414934116,0.6843584496887296,3.3502091706742942,1.2433934945224654,8.897976856887803,174.22433050270845,,0,lhs_pool
26.488368932338688,23.471506150083762,3.972469212414953,2.0143143384498496,1.6252064341093373,1.979895178093916,2.62588201093699,8.107241961420904,183.19160891390246,,0,lhs_pool
31.080874597726684,24.267955809643535,10.08779141949352,5.991617240779449,1.1491972812991902,4.109374335678961,4.619778005098633,4.555204175879999,346.30007825667434,,0,lhs_pool
45.81104414390633,45.511694439604106,27.61938691483967,23.609402671730468,2.3437324328901,6.478653290672938,3.1521926132695905,8.67824297781726,21.833354563573803,,0,lhs_pool
45.52324343197292,38.20882037067646,28.540759994240624,6.246525320928447,2.2498166833487865,5.935765525806601,4.196395594855211,6.187406222875181,268.0783763951287,,0,lhs_pool
48.10433673624645,31.694915453311232,21.301936329778304,20.274522678087067,1.2096348420110148,6.521236592132688,4.731227674706796,0.6114871565022496,385.58683891820385,,0,lhs_pool
42.308391100817275,23.990932615320364,17.924434345079803,13.752103447295346,2.347436755727472,2.1039459686568485,0.5854422854368198,7.541057961887658,189.40707056102283,,0,lhs_pool
39.46027337541518,26.696123422510727,25.110906067421293,14.110604541492204,1.36950124992747,7.368719855515211,4.057162502023259,7.464591463772799,394.6162702273447,,0,lhs_pool
47.42869940575541,22.0065764267447,5.664837631829684,2.723520269116759,2.5947085081158803,6.253487560191124,1.7147657958125917,8.164866287571279,340.49339331931844,,0,lhs_pool
43.55441967701541,42.59651512410177,35.83961590753243,1.6962048641180942,2.8068912892214426,7.666236335014262,1.510565417867034,0.6284704805554343,222.0400119172327,,0,lhs_pool
38.93745204982595,29.923236759835213,17.19024985180007,2.247928281800986,1.0058752913478304,4.945320405178168,1.5227838084667131,0.737631228638437,91.5362138782926,,0,lhs_pool
38.610549124545415,23.12145832548772,19.33616111280898,19.0137688122292,0.8413334515551442,1.8762575204835377,1.3831560591966818,5.3663782231312505,248.63188572268814,,0,lhs_pool
47.66421127955601,42.11708838910548,36.36277584600088,14.88450033934698,1.0426858394103546,3.549049912278125,3.2803948061993116,1.2050728940773394,139.3465384068212,,0,lhs_pool
48.7000692216765,29.47101735955713,7.940594561749142,4.116474255295046,1.2186201854733865,1.166598855376944,4.756833632909599,5.927656306345037,17.47220000707603,,0,lhs_pool
48.66513312740986,32.076383659621264,16.3039008048026,10.31814336770352,0.9893996106246117,1.6334347447004254,2.3633910733493333,1.2761757659380208,344.4024988180034,,0,lhs_pool
36.01740372644598,31.661293431247643,25.65553476586319,10.531993956045095,1.1727072060189636,1.772541696837056,0.8367104856018143,1.960429198693764,52.247796198541586,,0,lhs_pool
20.327424692780564,10.40386890838248,9.790442453059875,5.734345320350024,1.2675425549553083,7.089082166003748,3.5217441176967155,3.5268119126687703,100.66848458744302,,0,lhs_pool
47.833841515045485,47.11380180976349,22.39286764773933,2.1423164827957346,1.2240891115685666,4.437677349654444,1.3967615582672477,1.0095133717856017,64.75135725021545,,0,lhs_pool
41.96524504915072,20.76982510077613,9.44569238755879,2.8805708880406518,1.8042506459221497,6.371240385756016,2.1364017360040215,0.3161016707903961,138.3591334507482,,0,lhs_pool
29.30221602369809,9.563404770112061,7.2360496075718785,6.813644449734698,2.6745468630643434,0.629762530429242,1.9854503205239566,0.18910032104211325,208.2335849386373,,0,lhs_pool
38.489344098768825,33.044612140401476,5.361524796826634,3.9411527668026247,2.767843748482988,3.0283029799374432,1.6836028487647947,3.499262070885413,129.58103644372423,,0,lhs_pool
39.69163943616357,31.328278348409892,21.71799482098993,17.925581746257325,0.981563116077375,7.667719527595129,4.290362503837854,5.6765363689810835,98.33363524295044,,0,lhs_pool
47.97231864496631,32.15717554147577,24.14541663719514,20.938067528348736,0.8450858952824383,7.480169204146804,2.551783545383162,3.020051752753038,200.2088585509956,,0,lhs_pool
30.189464722947704,18.84762687719506,7.907666322771527,1.7119527485973196,0.5140266254948266,2.323909239295359,3.214375628219665,8.395110409428971,361.5784492519729,,0,lhs_pool
45.06913498955921,34.53972214821573,29.82231540801408,5.208496266278583,2.3108981259299313,6.754087082313348,3.0311921256100063,9.727168743682325,13.661153335354141,,0,lhs_pool
42.7800452388344,25.449243798390622,23.62707798591219,23.62283190473661,1.9227154729441431,1.7556754505464354,4.934108121608866,9.1218546565493,96.48833568079779,,0,lhs_pool
29.41518981431636,17.592943805220497,11.68091157639094,4.343347154112394,1.7919917254634485,0.5365724929748098,4.114165981968142,2.3749197193432243,109.96448456049576,,0,lhs_pool
46.148495070651435,32.18267725008153,29.47422368066901,22.96213023063506,0.8820647674837088,3.6961983595749173,4.651634920705733,2.2525073393385826,187.20316821478045,,0,lhs_pool
47.37475421732957,21.224311166728302,10.359139251993202,8.74108380492144,1.6185659722263424,3.416579191926415,4.640785575467215,8.101355791480945,41.98875363832994,,0,lhs_pool
46.555116315203755,18.990672122089954,15.883456473210137,13.62852033320554,0.6111567128753932,1.117989082461833,1.584703484651698,9.17713881585269,102.8019196475911,,0,lhs_pool
42.693177284027094,39.026144330076036,20.810634321716435,5.261157661361468,2.097364131717449,4.520083688571012,3.921879083393526,0.07366881815698853,92.32677780592176,,0,lhs_pool
48.76267110419932,41.829894194847625,6.336094003281664,1.7465335213340376,1.7101186412083673,6.362690963204267,4.749301973796635,7.357828436286197,274.0811588663743,,0,lhs_pool
23.168309688991343,20.295964232235974,14.83421639296834,2.3970468453316833,0.7517227573112542,4.960017115568318,1.6151511087878054,5.9233177158075,273.36604380407834,,0,lhs_pool
32.64368658289668,16.84420091645095,14.014790221069866,7.230278445375162,1.8965355842279044,2.1120702711483874,3.2639985205994315,3.937031610685292,30.054601284155712,,0,lhs_pool
43.09376691216771,42.25862020285631,14.027686535404696,10.892954529886953,1.1446657149950177,1.7982227809443763,1.423171410392282,4.005114158264749,157.74192685054408,,0,lhs_pool
48.24223312128849,33.08167122637944,29.618668817652363,18.85233157183773,1.8978077669882931,0.6035686119856223,1.9525168892070608,0.9620080933250843,202.00293343799103,,0,lhs_pool
23.308907718385484,21.96618530957223,10.614072202079772,2.5036922919914324,2.6493751561284964,7.519595191421461,4.7584850592752215,6.288119032656992,363.2433217329425,,0,lhs_pool
43.30634368052675,36.68715629236308,24.545040379259135,10.335259531359576,1.6851767676304665,5.911162495290446,2.872212069684665,9.26863389149273,383.7862542230254,,0,lhs_pool
42.21966768974284,37.406862870705396,22.62522784481151,21.643688459276724,0.7677594663668312,2.2041171656775376,4.5751157761977685,5.138170656929565,382.7041601085015,,0,lhs_pool
43.64153442795592,31.062754862266114,5.563623450383021,3.146366483639169,2.1285794233593416,1.1361318381606502,4.651036863689601,2.1171953518535935,340.9055008699788,,0,lhs_pool
46.82671337148578,42.03407751059082,32.677529959931164,24.042578332520925,2.2638064065913435,2.0784354282379116,2.6496141272546034,0.7214000792622833,316.09738455783355,,0,lhs_pool
42.60134163552205,26.058476618351897,21.14059066882902,14.31219704965918,1.0946223194679703,1.5933779829546202,1.3383807987045553,4.663290582291751,2.7187097592730747,,0,lhs_pool
38.34474985151573,24.044502265301322,14.1559190842472,5.77861566975086,2.0499928221574324,6.973434179199894,0.7462105246116799,9.049529125444963,213.35136103215893,,0,lhs_pool
36.87974382812,11.784286404068883,11.66847419050083,8.382166936928996,2.58048033398222,4.516605117788883,1.117645179515662,9.317230647032908,117.93279638793278,,0,lhs_pool
45.715516980444036,38.61820410313057,32.19497127024888,8.858583812380349,2.4047256960641334,2.8787856256380433,0.8394524255333667,4.189029680660739,88.82088430109425,,0,lhs_pool
46.66719019412976,29.33523088236807,26.075056283414277,7.359267996156189,1.4016380025342463,5.495730535740303,3.32177544969203,1.7047764024797312,83.03802740066035,,0,lhs_pool
41.18731875010278,38.015237838182905,16.148434057607673,6.053115003143616,1.7354039017770722,0.9006181626644045,0.6556644348919767,2.4784426497460452,41.781431846520775,,0,lhs_pool
22.37837521237161,18.147673380615018,12.195311711106742,6.47062222303296,2.881692708900915,7.438875174319532,1.9410069535997512,0.3069622332042416,365.45118853185375,,0,lhs_pool
46.10654581395826,17.000044831709463,15.05054079342236,9.415807956947047,0.9696232181437376,1.2455245976025688,0.7771975925687733,0.26017835748139684,397.68607615736386,,0,lhs_pool
40.67485519683212,28.927614187974285,17.00483127235491,12.253904053484638,2.7326056695804457,0.9419881090924093,2.9307774560955173,2.0590081602921377,39.953883267510484,,0,lhs_pool
40.45631702751591,21.4736824346924,10.316156501628905,10.076183696841465,0.8913132857459184,7.7431551423907115,4.0308235681216935,8.973911498672372,304.2537005413285,,0,lhs_pool
32.9250034560081,31.59903642312875,30.055177612463403,14.827274075824242,2.2740254870071266,4.3591696951268535,0.7366013208518382,6.292927883435678,136.19569908803211,,0,lhs_pool
36.71279662351319,16.88543733569577,12.831779141627235,3.474758751392062,2.12266369048727,5.29033838810023,3.507309341796563,6.966508186644587,186.0902952728077,,0,lhs_pool
34.47051287285885,32.27373038721773,6.198738589637484,5.966149999250618,2.9962163635609533,3.9555415537428793,1.1793687607351602,0.9111019643934519,35.78791219171224,,0,lhs_pool
42.973858714283615,42.135485982431376,9.046817523624622,3.041612278743707,1.9793859870689416,6.299125764157572,4.8518581893177775,2.7990742561305755,260.86413856840494,,0,lhs_pool
31.047661423241284,24.45333902629674,15.51352593061428,6.461419379510395,2.280077791601691,2.7458973122049493,1.9351616408769017,9.052050787447378,68.44647101681842,,0,lhs_pool
33.333080003050064,18.88873772007619,14.754508580001467,13.700316845469896,2.0646569644842225,6.258305750017383,0.7577695001136728,9.521132452158144,95.33086244007316,,0,lhs_pool
40.434735725916994,32.353581279196916,22.928020813675385,3.494600635850504,2.8759721333247614,7.217478838323471,1.5138527782315103,3.9808226042309984,384.94798440021316,,0,lhs_pool
47.18522738815435,31.839298229399873,27.85908541107529,2.2655964762840117,0.6541465415204665,4.489985319103216,0.6607272321237514,4.153840826615901,297.11394194311447,,0,lhs_pool
34.15193097366471,27.206785608962818,9.383496205978918,2.3023200013117844,2.7765047604316884,6.118444836412355,4.297453656856762,3.8892967168098993,57.63454271698112,,0,lhs_pool
39.270190730292896,35.906120096412224,5.848333479134296,4.2402231118394935,2.30901096568203,6.71876221419375,2.2574090823442168,3.0909837323616696,203.74243916574423,,0,lhs_pool
46.04561790589631,28.178966381618157,19.757242162479407,12.060797829434819,2.125868961469714,6.924159634859537,0.744334571381691,2.0984910309346203,377.564505024406,,0,lhs_pool
38.18070812690338,18.55838693869131,11.2699926447255,8.419740296625376,1.0622991370151034,7.424606309319193,3.9407277354623567,3.3355782053052834,322.04062849118617,,0,lhs_pool
31.728849472360718,22.176710620214628,19.030301906561885,18.307919227716074,2.7706638023246652,3.1052549546909534,3.302878159704326,2.00968249606375,267.1261877957758,,0,lhs_pool
47.263675679996446,34.69150570886798,31.007355945605994,4.837542365051479,0.5998740441160385,3.363698684199191,1.4593318842542065,3.6882926189806624,92.80717528061942,,0,lhs_pool
33.62234618757805,14.763720765742026,10.219310571750029,3.4572723768785965,2.0006158118704622,7.500531697478612,3.9816603584475483,5.048150417258205,360.7278597732115,,0,lhs_pool
39.151079595670865,38.25328643572332,15.025936277688945,4.680654421015836,1.9307582249367239,0.7246964941102122,3.17884085326748,2.035138893546157,315.28689007615026,,0,lhs_pool
30.676824224681884,26.851198055275685,18.457288966168296,6.379462732244376,1.7954049598927007,4.679513446629446,0.7598471227234271,5.514783961597917,252.0433739843471,,0,lhs_pool
33.926259202892496,31.901202769261808,25.431680441579545,7.87844245419824,0.6528001710283216,1.5175123250453155,1.4406142127710972,6.662352929491902,148.9307699936509,,0,lhs_pool
46.389215068862875,39.62502283541788,38.6599318343308,18.112880186374852,2.496266645954626,4.097298636114516,3.7318805918932325,5.732592896249073,80.26442562856445,,0,lhs_pool
25.007144220986927,12.162310924914422,9.692315361811021,7.3181130862079415,1.8022848712936073,5.078259206017255,3.700109291942355,9.277770638142794,242.2340092238289,,0,lhs_pool
33.476852372473594,27.39709702482514,24.947107320909257,16.826219545841,2.283303626044833,7.4161060789131925,1.3183486578530073,8.845822660778868,19.12108996339046,,0,lhs_pool
43.26139055981059,35.38237674018329,33.35933629199235,2.5232969504120897,2.702360020845161,2.966117179800999,1.4303372642785184,5.630400120770491,131.98350389743862,,0,lhs_pool
39.911304139182626,28.994503371078768,10.689004080780805,8.6525634830043,2.7304876342168027,6.791165368419445,3.011849582990174,5.482951579624773,87.80964194121425,,0,lhs_pool
36.28915808651173,18.444625107058393,7.859264623504254,2.293529921849623,2.3166955631838997,3.0329707281353575,2.787880456795659,0.49254355674028094,297.6223380012378,,0,lhs_pool
48.50272091191879,35.19356525931711,24.73465974822371,22.749519630907233,1.749655706196813,7.127641131167332,3.471411309388972,5.8138963262616725,74.90237743712287,,0,lhs_pool
43.37613707743304,25.578532525648786,22.1695370338835,3.0811768351346975,2.1263561620753464,5.235524746518068,1.8165282119721355,2.9809204501465048,369.13432075100644,,0,lhs_pool
27.917111820070733,18.58927215069583,12.806954759184789,2.384078822439226,2.2858504500542347,5.536107164335932,2.7884179940917013,8.335039938741707,268.8337228682978,,0,lhs_pool
38.73457363946488,37.01264677621923,26.233252372510478,13.238272309596155,2.7663334639319226,6.522565216713939,3.710426233427667,2.302540377373385,42.21874094149905,,0,lhs_pool
48.72800830495237,34.596254797264095,23.226301066331818,23.203475508653874,0.5911417939965055,0.7820513049295447,2.7811487861259794,8.188352951064104,148.59188430613082,,0,lhs_pool
41.79804085538382,27.213067538961674,21.79104378081776,9.80491243892614,1.7869513082852866,3.425399251996429,3.9977337338785164,5.726386435470011,219.8129572841752,,0,lhs_pool
23.223697157789232,18.692371227081594,15.7469988172918,12.45542283587902,2.510211143501782,6.188669301657786,3.4592777093724028,3.6175752396672904,171.41560373250263,,0,lhs_pool
30.331688300286444,30.022805071917627,14.474907383639973,9.296660607180545,1.6502559763367755,5.835720958963823,3.09416032052568,5.881510329625742,136.92305250046212,,0,lhs_pool
42.05536704026835,26.50898456643209,23.06537213979569,3.990802722842806,0.871862472758786,5.227704296723282,1.7404398429315795,1.1185608468878245,103.99114167543682,,0,lhs_pool
48.13331191777239,43.604827915609064,23.04756540340278,14.656827178423436,0.7392637953394374,3.8375476452394106,0.8030971246455956,9.32525864441627,5.715252963195901,,0,lhs_pool
46.28999787606318,33.21755749451377,21.435583208552274,12.756257475846592,2.9505239110497206,1.976315263056264,3.2760894074521243,7.3541552367180945,40.9683281673737,,0,lhs_pool
32.593779953901006,15.368116807337966,12.942474172068914,12.309903670442491,1.2607819319279785,3.009401039828517,0.9489582351803626,2.16250369450505,355.49930620925505,,0,lhs_pool
34.872323119647504,17.616882276475238,9.272513668441604,6.433333859540889,2.8681561849988984,6.340457460770569,2.5919665532078424,6.24411290983981,163.76448536275765,,0,lhs_pool
35.477394153896206,29.492232675480633,28.247966677766538,3.065083146813376,2.6934006674029707,3.2674784836613626,1.4742062135615788,3.245107986942017,54.22559225061203,,0,lhs_pool
46.15302728721288,41.21276118135457,29.499003691319036,13.829579002582097,1.5956377856803499,1.6753895742838667,4.571997559104422,6.658188184709336,31.312303344226642,,0,lhs_pool
49.54685254879453,29.790924157989746,28.57602204797663,23.050212760019036,2.997042274048649,7.984847190899374,1.537786267107811,3.5721024967516213,164.61734037425637,,0,lhs_pool
49.56291188212835,19.38376001445016,7.085335284436235,3.838255562980726,1.0047829412814138,1.7943882476462791,1.2465220141198339,0.5060874600770292,215.9526107690115,,0,lhs_pool
49.00098723333561,38.920941141628354,21.238248683485523,9.436897045415481,2.5885765345619047,6.610140509417047,2.4061319417001323,3.359900014766532,373.44206969188093,,0,lhs_pool
33.103331158236685,23.97128479293074,16.55726702578498,9.19690403700513,2.373812596143987,0.9681903617958878,2.02376873106151,3.632851287479071,130.25704907251503,,0,lhs_pool
36.06463344672984,35.89472121332322,33.43383209431678,8.245348015360342,1.424379693234024,1.197641947460209,3.00106463639035,0.838063105657667,80.42253567899289,,0,lhs_pool
34.75325936743198,18.61322461786007,10.040864239116065,4.279967730442407,2.8661458703689027,7.343874710432698,1.4714870923246053,1.5875286646818303,121.77519255590262,,0,lhs_pool
38.34679919216995,26.20327248843368,18.158020016505922,17.05316159951554,2.7737162124705197,6.592712239053342,1.0969569042735343,9.000684425465643,273.037533027174,,0,lhs_pool
